"ID";"COU";"RES";"SITE";"SITE_ID";"PLOT";"Date";"Microsite";"ID_Microsite";"diameter_1.cm.";"diameter_2.cm.";"canopy.area..cm2.";"Number.of.replicate";"Quadrat";"Species.within.quadrat";"Cover";"Number.of.individuals";"microsite_rep";"GRAZ";"ARIDITY.v3"
114;"China";"Xiaobing Zhou";"Muri";34;2;"2017.6.5";"2";"Ceratoides latens";45;30;23;1;1;"Seriphidium borotalense";35;7;"34-2-Ceretoides latens-1";2;0,9446
114;"China";"Xiaobing Zhou";"Muri";34;2;"";"1";"Bare";NA;NA;NA;1;1;"Seriphidium borotalense";20;6;"34-2-Bare-1";2;0,9446
114;"China";"Xiaobing Zhou";"Muri";34;2;"";"2";"Ceratoides latens";34;20;16;2;NA;"Seriphidium borotalense";18;6;"34-2-Ceretoides latens-2";2;0,9446
114;"China";"Xiaobing Zhou";"Muri";34;2;"";"1";"Bare";NA;NA;NA;2;NA;"Seriphidium borotalense";20;9;"34-2-Bare-2";2;0,9446
114;"China";"Xiaobing Zhou";"Muri";34;2;"";"2";"Ceratoides latens";35;24;16;3;NA;"Seriphidium borotalense";40;7;"34-2-Ceretoides latens-3";2;0,9446
114;"China";"Xiaobing Zhou";"Muri";34;2;"";"1";"Bare";NA;NA;NA;3;NA;"Seriphidium borotalense";38;12;"34-2-Bare-3";2;0,9446
114;"China";"Xiaobing Zhou";"Muri";34;2;"";"2";"Ceratoides latens";31;28;23;4;NA;"Seriphidium borotalense";10;7;"34-2-Ceretoides latens-4";2;0,9446
114;"China";"Xiaobing Zhou";"Muri";34;2;"";"1";"Bare";NA;NA;NA;4;NA;"Seriphidium borotalense";8;8;"34-2-Bare-4";2;0,9446
114;"China";"Xiaobing Zhou";"Muri";34;2;"";"2";"Ceratoides latens";60;63;30;5;NA;"Seriphidium borotalense";5;7;"34-2-Ceretoides latens-5";2;0,9446
114;"China";"Xiaobing Zhou";"Muri";34;2;"";"1";"Bare";NA;NA;NA;5;NA;"Seriphidium borotalense";40;5;"34-2-Bare-5";2;0,9446
114;"China";"Xiaobing Zhou";"Muri";34;2;"";"2";"Ceratoides latens";36;35;21;6;NA;"Seriphidium borotalense";10;5;"34-2-Ceretoides latens-6";2;0,9446
114;"China";"Xiaobing Zhou";"Muri";34;2;"";"2";"Ceratoides latens";36;35;21;6;NA;"Kochia prostrata";6;11;"34-2-Ceretoides latens-6";2;0,9446
114;"China";"Xiaobing Zhou";"Muri";34;2;"";"1";"Bare";NA;NA;NA;6;NA;"Seriphidium borotalense";20;8;"34-2-Bare-6";2;0,9446
114;"China";"Xiaobing Zhou";"Muri";34;2;"";"2";"Ceratoides latens";45;30;30;7;NA;"Seriphidium borotalense";12;6;"34-2-Ceretoides latens-7";2;0,9446
114;"China";"Xiaobing Zhou";"Muri";34;2;"";"1";"Bare";NA;NA;NA;7;NA;"Seriphidium borotalense";20;6;"34-2-Bare-7";2;0,9446
114;"China";"Xiaobing Zhou";"Muri";34;2;"";"2";"Ceratoides latens";33;23;20;8;NA;"Seriphidium borotalense";25;10;"34-2-Ceretoides latens-8";2;0,9446
114;"China";"Xiaobing Zhou";"Muri";34;2;"";"1";"Bare";NA;NA;NA;8;NA;"Seriphidium borotalense";25;7;"34-2-Bare-8";2;0,9446
114;"China";"Xiaobing Zhou";"Muri";34;2;"";"2";"Ceratoides latens";50;41;29;9;NA;"Seriphidium borotalense";28;8;"34-2-Ceretoides latens-9";2;0,9446
114;"China";"Xiaobing Zhou";"Muri";34;2;"";"2";"Ceratoides latens";50;41;29;9;NA;"Kochia prostrata";2;4;"34-2-Ceretoides latens-9";2;0,9446
114;"China";"Xiaobing Zhou";"Muri";34;2;"";"1";"Bare";NA;NA;NA;9;NA;"Seriphidium borotalense";28;9;"34-2-Bare-9";2;0,9446
114;"China";"Xiaobing Zhou";"Muri";34;2;"";"1";"Bare";NA;NA;NA;9;NA;"Kochia prostrata";1;1;"34-2-Bare-9";2;0,9446
114;"China";"Xiaobing Zhou";"Muri";34;2;"";"2";"Ceratoides latens";30;27;20;10;NA;"Seriphidium borotalense";20;10;"34-2-Ceretoides latens-10";2;0,9446
114;"China";"Xiaobing Zhou";"Muri";34;2;"";"2";"Ceratoides latens";30;27;20;10;NA;"Kochia prostrata";2;5;"34-2-Ceretoides latens-10";2;0,9446
114;"China";"Xiaobing Zhou";"Muri";34;2;"";"1";"Bare";NA;NA;NA;10;NA;"Seriphidium borotalense";15;8;"34-2-Bare-10";2;0,9446
114;"China";"Xiaobing Zhou";"Muri";34;2;"";"1";"Bare";NA;NA;NA;10;NA;"Kochia prostrata";1;2;"34-2-Bare-10";2;0,9446
114;"China";"Xiaobing Zhou";"Muri";34;2;"";"2";"Atraphaxis spinosa";40;45;23;11;NA;"Seriphidium borotalense";30;7;"34-2-Atraphaxis spinosa-11";2;0,9446
114;"China";"Xiaobing Zhou";"Muri";34;2;"";"1";"Bare";NA;NA;NA;11;NA;"Seriphidium borotalense";35;7;"34-2-Bare-11";2;0,9446
114;"China";"Xiaobing Zhou";"Muri";34;2;"";"1";"Bare";NA;NA;NA;11;NA;"Kochia prostrata";3;2;"34-2-Bare-11";2;0,9446
114;"China";"Xiaobing Zhou";"Muri";34;2;"";"2";"Ceratoides latens";12;25;30;12;NA;"Seriphidium borotalense";40;8;"34-2-Ceretoides latens-12";2;0,9446
114;"China";"Xiaobing Zhou";"Muri";34;2;"";"1";"Bare";NA;NA;NA;12;NA;"Seriphidium borotalense";25;10;"34-2-Bare-12";2;0,9446
114;"China";"Xiaobing Zhou";"Muri";34;2;"";"2";"Ceratoides latens";45;30;34;13;NA;"Seriphidium borotalense";20;4;"34-2-Ceretoides latens-13";2;0,9446
114;"China";"Xiaobing Zhou";"Muri";34;2;"";"1";"Bare";NA;NA;NA;13;NA;"Seriphidium borotalense";45;13;"34-2-Bare-13";2;0,9446
114;"China";"Xiaobing Zhou";"Muri";34;2;"";"2";"Ceratoides latens";30;16;25;14;NA;"Seriphidium borotalense";20;5;"34-2-Ceretoides latens-14";2;0,9446
114;"China";"Xiaobing Zhou";"Muri";34;2;"";"2";"Ceratoides latens";30;16;25;14;NA;"Kochia prostrata";3;2;"34-2-Ceretoides latens-14";2;0,9446
114;"China";"Xiaobing Zhou";"Muri";34;2;"";"1";"Bare";NA;NA;NA;14;NA;"Seriphidium borotalense";20;10;"34-2-Bare-14";2;0,9446
114;"China";"Xiaobing Zhou";"Muri";34;2;"2017.6.5";"2";"Atraphaxis spinosa";45;32;23;15;NA;"Seriphidium borotalense";18;3;"34-2-Atraphaxis spinosa-15";2;0,9446
114;"China";"Xiaobing Zhou";"Muri";34;2;"";"2";"Atraphaxis spinosa";45;32;23;15;NA;"Kochia prostrata";4;4;"34-2-Atraphaxis spinosa-15";2;0,9446
114;"China";"Xiaobing Zhou";"Muri";34;2;"";"1";"Bare";NA;NA;NA;15;NA;"Seriphidium borotalense";30;6;"34-2-Bare-15";2;0,9446
114;"China";"Xiaobing Zhou";"Muri";34;2;"";"1";"Bare";NA;NA;NA;15;NA;"Kochia prostrata";1;1;"34-2-Bare-15";2;0,9446
114;"China";"Xiaobing Zhou";"Muri";34;2;"";"2";"Ceratoides latens";55;42;30;16;NA;"Seriphidium borotalense";18;10;"34-2-Ceretoides latens-16";2;0,9446
114;"China";"Xiaobing Zhou";"Muri";34;2;"";"1";"Bare";NA;NA;NA;16;NA;"Seriphidium borotalense";28;6;"34-2-Bare-16";2;0,9446
114;"China";"Xiaobing Zhou";"Muri";34;2;"";"1";"Bare";NA;NA;NA;16;NA;"Kochia prostrata";1;1;"34-2-Bare-16";2;0,9446
114;"China";"Xiaobing Zhou";"Muri";34;2;"";"2";"Ceratoides latens";40;35;22;17;NA;"Seriphidium borotalense";20;8;"34-2-Ceretoides latens-17";2;0,9446
114;"China";"Xiaobing Zhou";"Muri";34;2;"";"2";"Ceratoides latens";40;35;22;17;NA;"Kochia prostrata";2;3;"34-2-Ceretoides latens-17";2;0,9446
114;"China";"Xiaobing Zhou";"Muri";34;2;"";"1";"Bare";NA;NA;NA;17;NA;"Seriphidium borotalense";30;8;"34-2-Bare-17";2;0,9446
114;"China";"Xiaobing Zhou";"Muri";34;2;"";"2";"Ceratoides latens";76;65;30;18;NA;"Seriphidium borotalense";4;3;"34-2-Ceretoides latens-18";2;0,9446
114;"China";"Xiaobing Zhou";"Muri";34;2;"";"1";"Bare";NA;NA;NA;18;NA;"Seriphidium borotalense";18;6;"34-2-Bare-18";2;0,9446
114;"China";"Xiaobing Zhou";"Muri";34;2;"";"2";"Ceratoides latens";26;17;16;19;NA;"Seriphidium borotalense";20;5;"34-2-Ceretoides latens-19";2;0,9446
114;"China";"Xiaobing Zhou";"Muri";34;2;"";"1";"Bare";NA;NA;NA;19;NA;"Seriphidium borotalense";45;7;"34-2-Bare-19";2;0,9446
114;"China";"Xiaobing Zhou";"Muri";34;2;"";"2";"Atraphaxis spinosa";32;30;25;20;NA;"Seriphidium borotalense";35;13;"34-2-Atraphaxis spinosa-20";2;0,9446
114;"China";"Xiaobing Zhou";"Muri";34;2;"";"1";"Bare";NA;NA;NA;20;NA;"Seriphidium borotalense";15;7;"34-2-Bare-20";2;0,9446
114;"China";"Xiaobing Zhou";"Muri";34;2;"";"1";"Bare";NA;NA;NA;20;NA;"Kochia prostrata";1;1;"34-2-Bare-20";2;0,9446
114;"China";"Xiaobing Zhou";"Muri";34;2;"";"2";"Atraphaxis spinosa";40;30;25;21;NA;"Seriphidium borotalense";20;8;"34-2-Atraphaxis spinosa-21";2;0,9446
114;"China";"Xiaobing Zhou";"Muri";34;2;"";"1";"Bare";NA;NA;NA;21;NA;"Kochia prostrata";1;1;"34-2-Bare-21";2;0,9446
114;"China";"Xiaobing Zhou";"Muri";34;2;"";"1";"Bare";NA;NA;NA;21;NA;"Seriphidium borotalense";8;6;"34-2-Bare-21";2;0,9446
114;"China";"Xiaobing Zhou";"Muri";34;2;"";"2";"Atraphaxis spinosa";33;36;40;22;NA;"Seriphidium borotalense";35;7;"34-2-Atraphaxis spinosa-22";2;0,9446
114;"China";"Xiaobing Zhou";"Muri";34;2;"";"1";"Bare";NA;NA;NA;22;NA;"Seriphidium borotalense";15;6;"34-2-Bare-22";2;0,9446
114;"China";"Xiaobing Zhou";"Muri";34;2;"";"1";"Bare";NA;NA;NA;22;NA;"Kochia prostrata";3;2;"34-2-Bare-22";2;0,9446
114;"China";"Xiaobing Zhou";"Muri";34;2;"";"2";"Atraphaxis spinosa";32;32;15;23;NA;"Seriphidium borotalense";10;3;"34-2-Atraphaxis spinosa-23";2;0,9446
114;"China";"Xiaobing Zhou";"Muri";34;2;"";"1";"Bare";NA;NA;NA;23;NA;"Seriphidium borotalense";25;6;"34-2-Bare-23";2;0,9446
114;"China";"Xiaobing Zhou";"Muri";34;2;"";"1";"Bare";NA;NA;NA;23;NA;"Stipa glareosa";1;1;"34-2-Bare-23";2;0,9446
114;"China";"Xiaobing Zhou";"Muri";34;2;"";"1";"Bare";NA;NA;NA;23;NA;"Kochia prostrata";0,5;1;"34-2-Bare-23";2;0,9446
114;"China";"Xiaobing Zhou";"Muri";34;2;"";"2";"Ceratoides latens";30;30;23;24;NA;"Seriphidium borotalense";15;4;"34-2-Ceretoides latens-24";2;0,9446
114;"China";"Xiaobing Zhou";"Muri";34;2;"";"2";"Ceratoides latens";30;30;23;24;NA;"Stipa glareosa";2;6;"34-2-Ceretoides latens-24";2;0,9446
114;"China";"Xiaobing Zhou";"Muri";34;2;"";"1";"Bare";NA;NA;NA;24;NA;"Kochia prostrata";2;4;"34-2-Bare-24";2;0,9446
114;"China";"Xiaobing Zhou";"Muri";34;2;"";"1";"Bare";NA;NA;NA;24;NA;"Seriphidium borotalense";25;5;"34-2-Bare-24";2;0,9446
114;"China";"Xiaobing Zhou";"Muri";34;2;"";"1";"Bare";NA;NA;NA;24;NA;"Stipa glareosa";2;3;"34-2-Bare-24";2;0,9446
114;"China";"Xiaobing Zhou";"Muri";34;2;"";"2";"Atraphaxis spinosa";40;35;23;25;NA;"Seriphidium borotalense";15;8;"34-2-Atraphaxis spinosa-25";2;0,9446
114;"China";"Xiaobing Zhou";"Muri";34;2;"";"2";"Atraphaxis spinosa";40;35;23;25;NA;"Stipa glareosa";3;8;"34-2-Atraphaxis spinosa-25";2;0,9446
114;"China";"Xiaobing Zhou";"Muri";34;2;"";"1";"Bare";NA;NA;NA;25;NA;"Seriphidium borotalense";45;6;"34-2-Bare-25";2;0,9446
114;"China";"Xiaobing Zhou";"Muri";34;2;"2017.6.5";"2";"Atraphaxis spinosa";55;40;40;26;1;"Seriphidium borotalense";15;7;"34-2-Atraphaxis spinosa-26";2;0,9446
114;"China";"Xiaobing Zhou";"Muri";34;2;"";"1";"Bare";NA;NA;NA;26;NA;"Seriphidium borotalense";30;8;"34-2-Bare-26";2;0,9446
114;"China";"Xiaobing Zhou";"Muri";34;2;"";"1";"Bare";NA;NA;NA;26;NA;"Stipa glareosa";4;6;"34-2-Bare-26";2;0,9446
114;"China";"Xiaobing Zhou";"Muri";34;2;"";"2";"Atraphaxis spinosa";43;40;33;27;NA;"Seriphidium borotalense";25;8;"34-2-Atraphaxis spinosa-27";2;0,9446
114;"China";"Xiaobing Zhou";"Muri";34;2;"";"1";"Bare";NA;NA;NA;27;NA;"Seriphidium borotalense";15;10;"34-2-Bare-27";2;0,9446
114;"China";"Xiaobing Zhou";"Muri";34;2;"";"2";"Atraphaxis spinosa";45;35;25;28;NA;"Seriphidium borotalense";20;8;"34-2-Atraphaxis spinosa-28";2;0,9446
114;"China";"Xiaobing Zhou";"Muri";34;2;"";"1";"Bare";NA;NA;NA;28;NA;"Seriphidium borotalense";20;9;"34-2-Bare-28";2;0,9446
114;"China";"Xiaobing Zhou";"Muri";34;2;"";"2";"Atraphaxis spinosa";56;40;20;29;NA;"Seriphidium borotalense";15;7;"34-2-Atraphaxis spinosa-29";2;0,9446
114;"China";"Xiaobing Zhou";"Muri";34;2;"";"1";"Bare";NA;NA;NA;29;NA;"Seriphidium borotalense";20;5;"34-2-Bare-29";2;0,9446
114;"China";"Xiaobing Zhou";"Muri";34;2;"";"2";"Atraphaxis spinosa";55;35;24;30;NA;"Seriphidium borotalense";30;4;"34-2-Atraphaxis spinosa-30";2;0,9446
114;"China";"Xiaobing Zhou";"Muri";34;2;"";"1";"Bare";NA;NA;NA;30;NA;"Seriphidium borotalense";40;7;"34-2-Bare-30";2;0,9446
114;"China";"Xiaobing Zhou";"Muri";34;2;"";"1";"Bare";NA;NA;NA;30;NA;"Atraphaxis spinosa";10;2;"34-2-Bare-30";2;0,9446
114;"China";"Xiaobing Zhou";"Muri";34;2;"";"1";"Bare";NA;NA;NA;30;NA;"Stipa glareosa";2;4;"34-2-Bare-30";2;0,9446
114;"China";"Xiaobing Zhou";"Muri";34;2;"";"2";"Ceratoides latens";56;54;24;31;NA;"Seriphidium borotalense";25;8;"34-2-Ceretoides latens-31";2;0,9446
114;"China";"Xiaobing Zhou";"Muri";34;2;"";"2";"Ceratoides latens";56;54;24;31;NA;"Stipa glareosa";0,5;1;"34-2-Ceretoides latens-31";2;0,9446
114;"China";"Xiaobing Zhou";"Muri";34;2;"";"1";"Bare";NA;NA;NA;31;NA;"Seriphidium borotalense";20;6;"34-2-Bare-31";2;0,9446
114;"China";"Xiaobing Zhou";"Muri";34;2;"";"1";"Bare";NA;NA;NA;31;NA;"Stipa glareosa";1,5;3;"34-2-Bare-31";2;0,9446
114;"China";"Xiaobing Zhou";"Muri";34;2;"";"2";"Atraphaxis spinosa";40;30;25;32;NA;"Seriphidium borotalense";18;7;"34-2-Atraphaxis spinosa-32";2;0,9446
114;"China";"Xiaobing Zhou";"Muri";34;2;"";"2";"Atraphaxis spinosa";40;30;25;32;NA;"Stipa glareosa";1,5;3;"34-2-Atraphaxis spinosa-32";2;0,9446
114;"China";"Xiaobing Zhou";"Muri";34;2;"";"1";"Bare";NA;NA;NA;32;NA;"Seriphidium borotalense";20;7;"34-2-Bare-32";2;0,9446
114;"China";"Xiaobing Zhou";"Muri";34;2;"";"2";"Ceratoides latens";40;25;24;33;NA;"Seriphidium borotalense";15;6;"34-2-Ceretoides latens-33";2;0,9446
114;"China";"Xiaobing Zhou";"Muri";34;2;"";"1";"Bare";NA;NA;NA;33;NA;"Seriphidium borotalense";20;9;"34-2-Bare-33";2;0,9446
114;"China";"Xiaobing Zhou";"Muri";34;2;"";"2";"Ceratoides latens";45;30;25;34;NA;"Seriphidium borotalense";10;4;"34-2-Ceretoides latens-34";2;0,9446
114;"China";"Xiaobing Zhou";"Muri";34;2;"";"2";"Ceratoides latens";45;30;25;34;NA;"Stipa glareosa";2;4;"34-2-Ceretoides latens-34";2;0,9446
114;"China";"Xiaobing Zhou";"Muri";34;2;"";"1";"Bare";NA;NA;NA;34;NA;"Seriphidium borotalense";40;8;"34-2-Bare-34";2;0,9446
114;"China";"Xiaobing Zhou";"Muri";34;2;"";"1";"Bare";NA;NA;NA;34;NA;"Stipa glareosa";2;5;"34-2-Bare-34";2;0,9446
114;"China";"Xiaobing Zhou";"Muri";34;2;"";"2";"Atraphaxis spinosa";30;20;24;35;NA;"Seriphidium borotalense";20;10;"34-2-Atraphaxis spinosa-35";2;0,9446
114;"China";"Xiaobing Zhou";"Muri";34;2;"";"2";"Atraphaxis spinosa";30;20;24;35;NA;"Stipa glareosa";3;7;"34-2-Atraphaxis spinosa-35";2;0,9446
114;"China";"Xiaobing Zhou";"Muri";34;2;"";"1";"Bare";NA;NA;NA;35;NA;"Seriphidium borotalense";30;9;"34-2-Bare-35";2;0,9446
114;"China";"Xiaobing Zhou";"Muri";34;2;"";"2";"Atraphaxis spinosa";44;30;30;36;NA;"Seriphidium borotalense";40;8;"34-2-Atraphaxis spinosa-36";2;0,9446
114;"China";"Xiaobing Zhou";"Muri";34;2;"";"2";"Atraphaxis spinosa";44;30;30;36;NA;"Stipa glareosa";2;1;"34-2-Atraphaxis spinosa-36";2;0,9446
114;"China";"Xiaobing Zhou";"Muri";34;2;"";"1";"Bare";NA;NA;NA;36;NA;"Seriphidium borotalense";10;6;"34-2-Bare-36";2;0,9446
114;"China";"Xiaobing Zhou";"Muri";34;2;"";"1";"Bare";NA;NA;NA;36;NA;"Stipa glareosa";3;6;"34-2-Bare-36";2;0,9446
114;"China";"Xiaobing Zhou";"Muri";34;2;"";"2";"Atraphaxis spinosa";35;25;20;37;NA;"Seriphidium borotalense";30;10;"34-2-Atraphaxis spinosa-37";2;0,9446
114;"China";"Xiaobing Zhou";"Muri";34;2;"";"2";"Atraphaxis spinosa";35;25;20;37;NA;"Stipa glareosa";1;1;"34-2-Atraphaxis spinosa-37";2;0,9446
114;"China";"Xiaobing Zhou";"Muri";34;2;"";"1";"Bare";NA;NA;NA;37;NA;"Seriphidium borotalense";25;9;"34-2-Bare-37";2;0,9446
114;"China";"Xiaobing Zhou";"Muri";34;2;"2017.6.5";"2";"Atraphaxis spinosa";43;40;30;38;NA;"Seriphidium borotalense";20;10;"34-2-Atraphaxis spinosa-38";2;0,9446
114;"China";"Xiaobing Zhou";"Muri";34;2;"";"2";"Atraphaxis spinosa";43;40;30;38;NA;"Stipa glareosa";3;4;"34-2-Atraphaxis spinosa-38";2;0,9446
114;"China";"Xiaobing Zhou";"Muri";34;2;"";"1";"Bare";NA;NA;NA;38;NA;"Seriphidium borotalense";35;9;"34-2-Bare-38";2;0,9446
114;"China";"Xiaobing Zhou";"Muri";34;2;"";"2";"Atraphaxis spinosa";44;30;20;39;NA;"Seriphidium borotalense";25;10;"34-2-Atraphaxis spinosa-39";2;0,9446
114;"China";"Xiaobing Zhou";"Muri";34;2;"";"1";"Bare";NA;NA;NA;39;NA;"Seriphidium borotalense";30;8;"34-2-Bare-39";2;0,9446
114;"China";"Xiaobing Zhou";"Muri";34;2;"";"2";"Atraphaxis spinosa";35;35;35;40;NA;"Seriphidium borotalense";30;9;"34-2-Atraphaxis spinosa-40";2;0,9446
114;"China";"Xiaobing Zhou";"Muri";34;2;"";"2";"Atraphaxis spinosa";35;35;35;40;NA;"Stipa glareosa";4;8;"34-2-Atraphaxis spinosa-40";2;0,9446
114;"China";"Xiaobing Zhou";"Muri";34;2;"";"1";"Bare";NA;NA;NA;40;NA;"Seriphidium borotalense";40;14;"34-2-Bare-40";2;0,9446
114;"China";"Xiaobing Zhou";"Muri";34;2;"";"1";"Bare";NA;NA;NA;40;NA;"Stipa glareosa";3;3;"34-2-Bare-40";2;0,9446
114;"China";"Xiaobing Zhou";"Muri";34;2;"";"2";"Ceratoides latens";62;50;30;41;NA;"Seriphidium borotalense";8;4;"34-2-Ceretoides latens-41";2;0,9446
114;"China";"Xiaobing Zhou";"Muri";34;2;"";"2";"Ceratoides latens";62;50;30;41;NA;"Stipa glareosa";2;3;"34-2-Ceretoides latens-41";2;0,9446
114;"China";"Xiaobing Zhou";"Muri";34;2;"";"1";"Bare";NA;NA;NA;41;NA;"Seriphidium borotalense";25;6;"34-2-Bare-41";2;0,9446
114;"China";"Xiaobing Zhou";"Muri";34;2;"";"1";"Bare";NA;NA;NA;41;NA;"Stipa glareosa";3;5;"34-2-Bare-41";2;0,9446
114;"China";"Xiaobing Zhou";"Muri";34;2;"";"2";"Atraphaxis spinosa";40;25;25;42;NA;"Seriphidium borotalense";30;8;"34-2-Atraphaxis spinosa-42";2;0,9446
114;"China";"Xiaobing Zhou";"Muri";34;2;"";"2";"Atraphaxis spinosa";40;25;25;42;NA;"Stipa glareosa";1,5;2;"34-2-Atraphaxis spinosa-42";2;0,9446
114;"China";"Xiaobing Zhou";"Muri";34;2;"";"1";"Bare";NA;NA;NA;42;NA;"Seriphidium borotalense";30;7;"34-2-Bare-42";2;0,9446
114;"China";"Xiaobing Zhou";"Muri";34;2;"";"2";"Atraphaxis spinosa";45;45;30;43;NA;"Seriphidium borotalense";45;8;"34-2-Atraphaxis spinosa-43";2;0,9446
114;"China";"Xiaobing Zhou";"Muri";34;2;"";"1";"Bare";NA;NA;NA;43;NA;"Seriphidium borotalense";35;7;"34-2-Bare-43";2;0,9446
114;"China";"Xiaobing Zhou";"Muri";34;2;"";"1";"Bare";NA;NA;NA;43;NA;"Stipa glareosa";3;6;"34-2-Bare-43";2;0,9446
114;"China";"Xiaobing Zhou";"Muri";34;2;"";"2";"Atraphaxis spinosa";55;33;25;44;NA;"Seriphidium borotalense";40;7;"34-2-Atraphaxis spinosa-44";2;0,9446
114;"China";"Xiaobing Zhou";"Muri";34;2;"";"1";"Bare";NA;NA;NA;44;NA;"Seriphidium borotalense";35;9;"34-2-Bare-44";2;0,9446
114;"China";"Xiaobing Zhou";"Muri";34;2;"";"2";"Ceratoides latens";42;45;30;45;NA;"Seriphidium borotalense";35;6;"34-2-Ceretoides latens-45";2;0,9446
114;"China";"Xiaobing Zhou";"Muri";34;2;"";"1";"Bare";NA;NA;NA;45;NA;"Seriphidium borotalense";30;9;"34-2-Bare-45";2;0,9446
114;"China";"Xiaobing Zhou";"Muri";34;2;"";"2";"Atraphaxis spinosa";25;28;35;46;NA;"Seriphidium borotalense";20;7;"34-2-Atraphaxis spinosa-46";2;0,9446
114;"China";"Xiaobing Zhou";"Muri";34;2;"";"2";"Atraphaxis spinosa";25;28;35;46;NA;"Stipa glareosa";3;4;"34-2-Atraphaxis spinosa-46";2;0,9446
114;"China";"Xiaobing Zhou";"Muri";34;2;"";"1";"Bare";NA;NA;NA;46;NA;"Seriphidium borotalense";25;7;"34-2-Bare-46";2;0,9446
114;"China";"Xiaobing Zhou";"Muri";34;2;"";"1";"Bare";NA;NA;NA;46;NA;"Kochia prostrata";3;1;"34-2-Bare-46";2;0,9446
114;"China";"Xiaobing Zhou";"Muri";34;2;"";"2";"Atraphaxis spinosa";40;45;35;47;NA;"Seriphidium borotalense";15;7;"34-2-Atraphaxis spinosa-47";2;0,9446
114;"China";"Xiaobing Zhou";"Muri";34;2;"";"2";"Atraphaxis spinosa";40;45;35;47;NA;"Stipa glareosa";4;7;"34-2-Atraphaxis spinosa-47";2;0,9446
114;"China";"Xiaobing Zhou";"Muri";34;2;"";"1";"Bare";NA;NA;NA;47;NA;"Seriphidium borotalense";35;7;"34-2-Bare-47";2;0,9446
114;"China";"Xiaobing Zhou";"Muri";34;2;"";"2";"Atraphaxis spinosa";40;44;30;48;NA;"Seriphidium borotalense";15;7;"34-2-Atraphaxis spinosa-48";2;0,9446
114;"China";"Xiaobing Zhou";"Muri";34;2;"";"2";"Atraphaxis spinosa";40;44;30;48;NA;"Stipa glareosa";4;7;"34-2-Atraphaxis spinosa-48";2;0,9446
114;"China";"Xiaobing Zhou";"Muri";34;2;"";"1";"Bare";NA;NA;NA;48;NA;"Seriphidium borotalense";15;5;"34-2-Bare-48";2;0,9446
114;"China";"Xiaobing Zhou";"Muri";34;2;"2017.6.5";"2";"Atraphaxis spinosa";68;35;25;49;NA;"Seriphidium borotalense";40;9;"34-2-Atraphaxis spinosa-49";2;0,9446
114;"China";"Xiaobing Zhou";"Muri";34;2;"";"2";"Atraphaxis spinosa";68;35;25;49;NA;"Stipa glareosa";2;3;"34-2-Atraphaxis spinosa-49";2;0,9446
114;"China";"Xiaobing Zhou";"Muri";34;2;"";"1";"Bare";NA;NA;NA;49;NA;"Seriphidium borotalense";30;7;"34-2-Bare-49";2;0,9446
114;"China";"Xiaobing Zhou";"Muri";34;2;"";"2";"Ceratoides latens";33;34;25;50;NA;"Seriphidium borotalense";10;3;"34-2-Ceretoides latens-50";2;0,9446
114;"China";"Xiaobing Zhou";"Muri";34;2;"";"1";"Bare";NA;NA;NA;50;NA;"Seriphidium borotalense";45;5;"34-2-Bare-50";2;0,9446
115;"China";"Xiaobing Zhou";"Muri";34;3;"2017.6.6";"2";"Ceratoides latens";48;50;30;1;1;"Ferula sinkiangensis";5;2;"34-3-Ceretoides latens-1";1;0,9434
115;"China";"Xiaobing Zhou";"Muri";34;3;"";"2";"Ceratoides latens";48;50;30;1;NA;"Seriphidium borotalense";5;2;"34-3-Ceretoides latens-1";1;0,9434
115;"China";"Xiaobing Zhou";"Muri";34;3;"";"1";"Bare";NA;NA;NA;1;NA;"Seriphidium borotalense";15;7;"34-3-Bare-1";1;0,9434
115;"China";"Xiaobing Zhou";"Muri";34;3;"";"2";"Ceratoides latens";40;37;26;2;1;"Seriphidium borotalense";20;8;"34-3-Ceretoides latens-2";1;0,9434
115;"China";"Xiaobing Zhou";"Muri";34;3;"";"1";"Bare";NA;NA;NA;2;NA;"Seriphidium borotalense";20;8;"34-3-Bare-2";1;0,9434
115;"China";"Xiaobing Zhou";"Muri";34;3;"";"2";"Ceratoides latens";50;48;30;3;NA;"Seriphidium borotalense";5;6;"34-3-Ceretoides latens-3";1;0,9434
115;"China";"Xiaobing Zhou";"Muri";34;3;"";"1";"Bare";NA;NA;NA;3;NA;"Seriphidium borotalense";12;8;"34-3-Bare-3";1;0,9434
115;"China";"Xiaobing Zhou";"Muri";34;3;"";"2";"Ceratoides latens";49;42;40;4;NA;"Seriphidium borotalense";25;10;"34-3-Ceretoides latens-4";1;0,9434
115;"China";"Xiaobing Zhou";"Muri";34;3;"";"2";"Ceratoides latens";49;42;40;4;NA;"Ferula sinkiangensis";18;1;"34-3-Ceretoides latens-4";1;0,9434
115;"China";"Xiaobing Zhou";"Muri";34;3;"";"1";"Bare";NA;NA;NA;4;NA;"Seriphidium borotalense";15;9;"34-3-Bare-4";1;0,9434
115;"China";"Xiaobing Zhou";"Muri";34;3;"";"1";"Bare";NA;NA;NA;4;NA;"Ferula sinkiangensis";13;1;"34-3-Bare-4";1;0,9434
115;"China";"Xiaobing Zhou";"Muri";34;3;"";"2";"Ceratoides latens";30;35;30;5;NA;"Seriphidium borotalense";15;3;"34-3-Ceretoides latens-5";1;0,9434
115;"China";"Xiaobing Zhou";"Muri";34;3;"";"2";"Ceratoides latens";30;35;30;5;NA;"Ferula sinkiangensis";15;1;"34-3-Ceretoides latens-5";1;0,9434
115;"China";"Xiaobing Zhou";"Muri";34;3;"";"1";"Bare";NA;NA;NA;5;NA;"Seriphidium borotalense";12;1;"34-3-Bare-5";1;0,9434
115;"China";"Xiaobing Zhou";"Muri";34;3;"";"2";"Ceratoides latens";50;30;38;6;NA;"Seriphidium borotalense";10;5;"34-3-Ceretoides latens-6";1;0,9434
115;"China";"Xiaobing Zhou";"Muri";34;3;"";"2";"Ceratoides latens";50;30;38;6;NA;"Ferula sinkiangensis";2;1;"34-3-Ceretoides latens-6";1;0,9434
115;"China";"Xiaobing Zhou";"Muri";34;3;"";"1";"Bare";NA;NA;NA;6;NA;"Seriphidium borotalense";20;14;"34-3-Bare-6";1;0,9434
115;"China";"Xiaobing Zhou";"Muri";34;3;"";"1";"Bare";NA;NA;NA;6;NA;"Ferula sinkiangensis";5;1;"34-3-Bare-6";1;0,9434
115;"China";"Xiaobing Zhou";"Muri";34;3;"2017.6.6";"2";"Ceratoides latens";50;40;37;7;NA;"Seriphidium borotalense";16;15;"34-3-Ceretoides latens-7";1;0,9434
115;"China";"Xiaobing Zhou";"Muri";34;3;"";"2";"Ceratoides latens";50;40;37;7;NA;"Ferula sinkiangensis";3;1;"34-3-Ceretoides latens-7";1;0,9434
115;"China";"Xiaobing Zhou";"Muri";34;3;"";"1";"Bare";NA;NA;NA;7;NA;"Seriphidium borotalense";18;9;"34-3-Bare-7";1;0,9434
115;"China";"Xiaobing Zhou";"Muri";34;3;"";"2";"Ceratoides latens";37;40;39;8;NA;"Seriphidium borotalense";25;15;"34-3-Ceretoides latens-8";1;0,9434
115;"China";"Xiaobing Zhou";"Muri";34;3;"";"2";"Ceratoides latens";37;40;39;8;NA;"Ferula sinkiangensis";3;1;"34-3-Ceretoides latens-8";1;0,9434
115;"China";"Xiaobing Zhou";"Muri";34;3;"";"1";"Bare";NA;NA;NA;8;NA;"Seriphidium borotalense";12;6;"34-3-Bare-8";1;0,9434
115;"China";"Xiaobing Zhou";"Muri";34;3;"";"1";"Bare";NA;NA;NA;8;NA;"Ferula sinkiangensis";4;2;"34-3-Bare-8";1;0,9434
115;"China";"Xiaobing Zhou";"Muri";34;3;"";"2";"Ceratoides latens";33;30;27;9;NA;"Seriphidium borotalense";15;14;"34-3-Ceretoides latens-9";1;0,9434
115;"China";"Xiaobing Zhou";"Muri";34;3;"";"1";"Bare";NA;NA;NA;9;NA;"Seriphidium borotalense";15;6;"34-3-Bare-9";1;0,9434
115;"China";"Xiaobing Zhou";"Muri";34;3;"";"2";"Ceratoides latens";48;47;37;10;NA;"Seriphidium borotalense";8;9;"34-3-Ceretoides latens-10";1;0,9434
115;"China";"Xiaobing Zhou";"Muri";34;3;"";"1";"Bare";NA;NA;NA;10;NA;"Seriphidium borotalense";25;3;"34-3-Bare-10";1;0,9434
115;"China";"Xiaobing Zhou";"Muri";34;3;"";"2";"Ceratoides latens";33;30;25;11;NA;"Seriphidium borotalense";15;10;"34-3-Ceretoides latens-11";1;0,9434
115;"China";"Xiaobing Zhou";"Muri";34;3;"";"1";"Bare";NA;NA;NA;11;NA;"Seriphidium borotalense";18;9;"34-3-Bare-11";1;0,9434
115;"China";"Xiaobing Zhou";"Muri";34;3;"";"2";"Ceratoides latens";40;30;28;12;NA;"Seriphidium borotalense";6;5;"34-3-Ceretoides latens-12";1;0,9434
115;"China";"Xiaobing Zhou";"Muri";34;3;"";"1";"Bare";NA;NA;NA;12;NA;"Seriphidium borotalense";25;9;"34-3-Bare-12";1;0,9434
115;"China";"Xiaobing Zhou";"Muri";34;3;"";"2";"Ceratoides latens";70;60;38;13;NA;"Seriphidium borotalense";18;13;"34-3-Ceretoides latens-13";1;0,9434
115;"China";"Xiaobing Zhou";"Muri";34;3;"";"1";"Bare";NA;NA;NA;13;NA;"Seriphidium borotalense";12;8;"34-3-Bare-13";1;0,9434
115;"China";"Xiaobing Zhou";"Muri";34;3;"";"1";"Bare";NA;NA;NA;13;NA;"Stipa glareosa";1;1;"34-3-Bare-13";1;0,9434
115;"China";"Xiaobing Zhou";"Muri";34;3;"";"2";"Ceratoides latens";33;30;17;14;NA;"Seriphidium borotalense";30;20;"34-3-Ceretoides latens-14";1;0,9434
115;"China";"Xiaobing Zhou";"Muri";34;3;"";"1";"Bare";NA;NA;NA;14;NA;"Seriphidium borotalense";18;7;"34-3-Bare-14";1;0,9434
115;"China";"Xiaobing Zhou";"Muri";34;3;"";"1";"Bare";NA;NA;NA;14;NA;"Stipa glareosa";2;1;"34-3-Bare-14";1;0,9434
115;"China";"Xiaobing Zhou";"Muri";34;3;"";"2";"Ceratoides latens";50;29;30;15;NA;"Seriphidium borotalense";18;10;"34-3-Ceretoides latens-15";1;0,9434
115;"China";"Xiaobing Zhou";"Muri";34;3;"";"1";"Bare";NA;NA;NA;15;NA;"Seriphidium borotalense";11;8;"34-3-Bare-15";1;0,9434
115;"China";"Xiaobing Zhou";"Muri";34;3;"";"2";"Ceratoides latens";70;40;28;16;NA;"Seriphidium borotalense";10;5;"34-3-Ceretoides latens-16";1;0,9434
115;"China";"Xiaobing Zhou";"Muri";34;3;"";"2";"Ceratoides latens";70;40;28;16;NA;"Ferula sinkiangensis";5;1;"34-3-Ceretoides latens-16";1;0,9434
115;"China";"Xiaobing Zhou";"Muri";34;3;"";"1";"Bare";NA;NA;NA;16;NA;"Seriphidium borotalense";10;7;"34-3-Bare-16";1;0,9434
115;"China";"Xiaobing Zhou";"Muri";34;3;"";"1";"Bare";NA;NA;NA;16;NA;"Ferula sinkiangensis";5;2;"34-3-Bare-16";1;0,9434
115;"China";"Xiaobing Zhou";"Muri";34;3;"";"2";"Ceratoides latens";38;30;28;17;NA;"Seriphidium borotalense";15;10;"34-3-Ceretoides latens-17";1;0,9434
115;"China";"Xiaobing Zhou";"Muri";34;3;"";"2";"Ceratoides latens";38;30;28;17;NA;"Ceratocarpus arenarius";1;1;"34-3-Ceretoides latens-17";1;0,9434
115;"China";"Xiaobing Zhou";"Muri";34;3;"";"1";"Bare";NA;NA;NA;17;NA;"Seriphidium borotalense";10;6;"34-3-Bare-17";1;0,9434
115;"China";"Xiaobing Zhou";"Muri";34;3;"";"1";"Bare";NA;NA;NA;17;NA;"Stipa glareosa";2;1;"34-3-Bare-17";1;0,9434
115;"China";"Xiaobing Zhou";"Muri";34;3;"";"1";"Bare";NA;NA;NA;17;NA;"Ferula sinkiangensis";3;1;"34-3-Bare-17";1;0,9434
115;"China";"Xiaobing Zhou";"Muri";34;3;"";"2";"Ceratoides latens";35;37;37;18;NA;"Seriphidium borotalense";18;7;"34-3-Ceretoides latens-18";1;0,9434
115;"China";"Xiaobing Zhou";"Muri";34;3;"";"1";"Bare";NA;NA;NA;18;NA;"Seriphidium borotalense";12;7;"34-3-Bare-18";1;0,9434
115;"China";"Xiaobing Zhou";"Muri";34;3;"";"1";"Bare";NA;NA;NA;18;NA;"Anabasis aphylla";3;1;"34-3-Bare-18";1;0,9434
115;"China";"Xiaobing Zhou";"Muri";34;3;"";"2";"Ceratoides latens";40;30;25;19;NA;"Seriphidium borotalense";20;9;"34-3-Ceretoides latens-19";1;0,9434
115;"China";"Xiaobing Zhou";"Muri";34;3;"";"2";"Ceratoides latens";40;30;25;19;NA;"Ferula sinkiangensis";5;1;"34-3-Ceretoides latens-19";1;0,9434
115;"China";"Xiaobing Zhou";"Muri";34;3;"";"1";"Bare";NA;NA;NA;19;NA;"Seriphidium borotalense";30;12;"34-3-Bare-19";1;0,9434
115;"China";"Xiaobing Zhou";"Muri";34;3;"";"2";"Ceratoides latens";58;53;40;20;NA;"Seriphidium borotalense";20;13;"34-3-Ceretoides latens-20";1;0,9434
115;"China";"Xiaobing Zhou";"Muri";34;3;"";"1";"Bare";NA;NA;NA;20;NA;"Seriphidium borotalense";20;6;"34-3-Bare-20";1;0,9434
115;"China";"Xiaobing Zhou";"Muri";34;3;"";"2";"Ceratoides latens";38;25;23;21;NA;"Seriphidium borotalense";20;12;"34-3-Ceretoides latens-21";1;0,9434
115;"China";"Xiaobing Zhou";"Muri";34;3;"";"1";"Bare";NA;NA;NA;21;NA;"Seriphidium borotalense";15;28;"34-3-Bare-21";1;0,9434
115;"China";"Xiaobing Zhou";"Muri";34;3;"";"2";"Ceratoides latens";28;29;20;22;NA;"Seriphidium borotalense";10;4;"34-3-Ceretoides latens-22";1;0,9434
115;"China";"Xiaobing Zhou";"Muri";34;3;"";"1";"Bare";NA;NA;NA;22;NA;"Seriphidium borotalense";10;5;"34-3-Bare-22";1;0,9434
115;"China";"Xiaobing Zhou";"Muri";34;3;"";"1";"Bare";NA;NA;NA;22;NA;"Stipa glareosa";3;4;"34-3-Bare-22";1;0,9434
115;"China";"Xiaobing Zhou";"Muri";34;3;"";"2";"Ceratoides latens";40;30;24;23;NA;"Seriphidium borotalense";10;6;"34-3-Ceretoides latens-23";1;0,9434
115;"China";"Xiaobing Zhou";"Muri";34;3;"";"2";"Ceratoides latens";40;30;24;23;NA;"Ferula sinkiangensis";4;2;"34-3-Ceretoides latens-23";1;0,9434
115;"China";"Xiaobing Zhou";"Muri";34;3;"";"1";"Bare";NA;NA;NA;23;NA;"Seriphidium borotalense";10;5;"34-3-Bare-23";1;0,9434
115;"China";"Xiaobing Zhou";"Muri";34;3;"";"1";"Bare";NA;NA;NA;23;NA;"Ferula sinkiangensis";7;1;"34-3-Bare-23";1;0,9434
115;"China";"Xiaobing Zhou";"Muri";34;3;"";"2";"Ceratoides latens";40;50;44;24;NA;"Seriphidium borotalense";4;6;"34-3-Ceretoides latens-24";1;0,9434
115;"China";"Xiaobing Zhou";"Muri";34;3;"";"1";"Bare";NA;NA;NA;24;NA;"Seriphidium borotalense";15;4;"34-3-Bare-24";1;0,9434
115;"China";"Xiaobing Zhou";"Muri";34;3;"";"2";"Ceratoides latens";38;40;38;25;NA;"Seriphidium borotalense";7;4;"34-3-Ceretoides latens-25";1;0,9434
115;"China";"Xiaobing Zhou";"Muri";34;3;"";"2";"Ceratoides latens";38;40;38;25;NA;"Ferula sinkiangensis";2;2;"34-3-Ceretoides latens-25";1;0,9434
115;"China";"Xiaobing Zhou";"Muri";34;3;"";"1";"Bare";NA;NA;NA;25;NA;"Seriphidium borotalense";20;5;"34-3-Bare-25";1;0,9434
115;"China";"Xiaobing Zhou";"Muri";34;3;"";"2";"Haloxylon ammodendron";118;117;94;26;1;"Seriphidium borotalense";15;10;"34-3-Haloxylon ammodendron-26";1;0,9434
115;"China";"Xiaobing Zhou";"Muri";34;3;"";"1";"Bare";NA;NA;NA;26;NA;"Seriphidium borotalense";5;1;"34-3-Bare-26";1;0,9434
115;"China";"Xiaobing Zhou";"Muri";34;3;"";"2";"Haloxylon ammodendron";66;67;81;27;NA;"Seriphidium borotalense";15;9;"34-3-Haloxylon ammodendron-27";1;0,9434
115;"China";"Xiaobing Zhou";"Muri";34;3;"";"1";"Bare";NA;NA;NA;27;NA;"Seriphidium borotalense";12;9;"34-3-Bare-27";1;0,9434
115;"China";"Xiaobing Zhou";"Muri";34;3;"";"1";"Bare";NA;NA;NA;27;NA;"Ferula sinkiangensis";3;1;"34-3-Bare-27";1;0,9434
115;"China";"Xiaobing Zhou";"Muri";34;3;"";"2";"Haloxylon ammodendron";110;90;110;28;NA;"Seriphidium borotalense";25;9;"34-3-Haloxylon ammodendron-28";1;0,9434
115;"China";"Xiaobing Zhou";"Muri";34;3;"";"1";"Bare";NA;NA;NA;28;NA;"Seriphidium borotalense";18;10;"34-3-Bare-28";1;0,9434
115;"China";"Xiaobing Zhou";"Muri";34;3;"";"2";"Haloxylon ammodendron";83;63;82;30;NA;"Seriphidium borotalense";18;14;"34-3-Haloxylon ammodendron-30";1;0,9434
115;"China";"Xiaobing Zhou";"Muri";34;3;"";"1";"Bare";NA;NA;NA;30;NA;"Seriphidium borotalense";12;7;"34-3-Bare-30";1;0,9434
115;"China";"Xiaobing Zhou";"Muri";34;3;"";"2";"Haloxylon ammodendron";90;102;105;34;NA;"Seriphidium borotalense";20;7;"34-3-Haloxylon ammodendron-34";1;0,9434
115;"China";"Xiaobing Zhou";"Muri";34;3;"";"1";"Bare";NA;NA;NA;34;NA;"Seriphidium borotalense";15;9;"34-3-Bare-34";1;0,9434
115;"China";"Xiaobing Zhou";"Muri";34;3;"";"1";"Bare";NA;NA;NA;34;NA;"Ferula sinkiangensis";5;1;"34-3-Bare-34";1;0,9434
115;"China";"Xiaobing Zhou";"Muri";34;3;"";"2";"Haloxylon ammodendron";133;100;80;32;NA;"Seriphidium borotalense";15;12;"34-3-Haloxylon ammodendron-32";1;0,9434
115;"China";"Xiaobing Zhou";"Muri";34;3;"";"2";"Haloxylon ammodendron";133;100;80;32;NA;"Petrosimonia sibirica";1;3;"34-3-Haloxylon ammodendron-32";1;0,9434
115;"China";"Xiaobing Zhou";"Muri";34;3;"";"2";"Haloxylon ammodendron";133;100;80;32;NA;"Stipa glareosa";3;4;"34-3-Haloxylon ammodendron-32";1;0,9434
115;"China";"Xiaobing Zhou";"Muri";34;3;"";"1";"Bare";NA;NA;NA;32;NA;"Seriphidium borotalense";25;8;"34-3-Bare-32";1;0,9434
115;"China";"Xiaobing Zhou";"Muri";34;3;"2017.6.6";"2";"Haloxylon ammodendron";60;70;77;31;NA;"Seriphidium borotalense";5;2;"34-3-Haloxylon ammodendron-31";1;0,9434
115;"China";"Xiaobing Zhou";"Muri";34;3;"";"2";"Haloxylon ammodendron";60;70;77;31;NA;"Ceratocarpus arenarius";1;1;"34-3-Haloxylon ammodendron-31";1;0,9434
115;"China";"Xiaobing Zhou";"Muri";34;3;"";"2";"Haloxylon ammodendron";60;70;77;31;NA;"Ferula sinkiangensis";3;1;"34-3-Haloxylon ammodendron-31";1;0,9434
115;"China";"Xiaobing Zhou";"Muri";34;3;"";"1";"Bare";NA;NA;NA;31;NA;"Seriphidium borotalense";12;5;"34-3-Bare-31";1;0,9434
115;"China";"Xiaobing Zhou";"Muri";34;3;"";"2";"Haloxylon ammodendron";70;74;77;33;NA;"Seriphidium borotalense";11;10;"34-3-Haloxylon ammodendron-33";1;0,9434
115;"China";"Xiaobing Zhou";"Muri";34;3;"";"2";"Haloxylon ammodendron";70;74;77;33;NA;"Ceratocarpus arenarius";1;1;"34-3-Haloxylon ammodendron-33";1;0,9434
115;"China";"Xiaobing Zhou";"Muri";34;3;"";"1";"Bare";NA;NA;NA;33;NA;"Seriphidium borotalense";20;9;"34-3-Bare-33";1;0,9434
115;"China";"Xiaobing Zhou";"Muri";34;3;"";"2";"Haloxylon ammodendron";69;37;65;35;NA;"Seriphidium borotalense";15;7;"34-3-Haloxylon ammodendron-35";1;0,9434
115;"China";"Xiaobing Zhou";"Muri";34;3;"";"1";"Bare";NA;NA;NA;35;NA;"Seriphidium borotalense";15;7;"34-3-Bare-35";1;0,9434
115;"China";"Xiaobing Zhou";"Muri";34;3;"";"2";"Haloxylon ammodendron";120;92;97;36;NA;"Ferula sinkiangensis";5;3;"34-3-Haloxylon ammodendron-36";1;0,9434
115;"China";"Xiaobing Zhou";"Muri";34;3;"";"2";"Haloxylon ammodendron";120;92;97;36;NA;"Seriphidium borotalense";30;12;"34-3-Haloxylon ammodendron-36";1;0,9434
115;"China";"Xiaobing Zhou";"Muri";34;3;"";"1";"Bare";NA;NA;NA;36;NA;"Seriphidium borotalense";18;12;"34-3-Bare-36";1;0,9434
115;"China";"Xiaobing Zhou";"Muri";34;3;"";"2";"Haloxylon ammodendron";50;40;69;37;NA;"Seriphidium borotalense";18;9;"34-3-Haloxylon ammodendron-37";1;0,9434
115;"China";"Xiaobing Zhou";"Muri";34;3;"";"1";"Bare";NA;NA;NA;37;NA;"Seriphidium borotalense";25;10;"34-3-Bare-37";1;0,9434
115;"China";"Xiaobing Zhou";"Muri";34;3;"";"2";"Haloxylon ammodendron";80;85;80;38;NA;"Ferula sinkiangensis";6;1;"34-3-Haloxylon ammodendron-38";1;0,9434
115;"China";"Xiaobing Zhou";"Muri";34;3;"";"2";"Haloxylon ammodendron";80;85;80;38;NA;"Seriphidium borotalense";30;9;"34-3-Haloxylon ammodendron-38";1;0,9434
115;"China";"Xiaobing Zhou";"Muri";34;3;"";"1";"Bare";NA;NA;NA;38;NA;"Seriphidium borotalense";30;8;"34-3-Bare-38";1;0,9434
115;"China";"Xiaobing Zhou";"Muri";34;3;"";"2";"Haloxylon ammodendron";40;60;64;39;NA;"Seriphidium borotalense";25;8;"34-3-Haloxylon ammodendron-39";1;0,9434
115;"China";"Xiaobing Zhou";"Muri";34;3;"";"1";"Bare";NA;NA;NA;39;NA;"Seriphidium borotalense";28;10;"34-3-Bare-39";1;0,9434
115;"China";"Xiaobing Zhou";"Muri";34;3;"";"2";"Haloxylon ammodendron";50;55;70;40;NA;"Seriphidium borotalense";20;8;"34-3-Haloxylon ammodendron-40";1;0,9434
115;"China";"Xiaobing Zhou";"Muri";34;3;"";"2";"Haloxylon ammodendron";50;55;70;40;NA;"Ferula sinkiangensis";7;1;"34-3-Haloxylon ammodendron-40";1;0,9434
115;"China";"Xiaobing Zhou";"Muri";34;3;"";"1";"Bare";NA;NA;NA;40;NA;"Seriphidium borotalense";20;6;"34-3-Bare-40";1;0,9434
115;"China";"Xiaobing Zhou";"Muri";34;3;"";"2";"Haloxylon ammodendron";77;106;111;41;NA;"Seriphidium borotalense";35;7;"34-3-Haloxylon ammodendron-41";1;0,9434
115;"China";"Xiaobing Zhou";"Muri";34;3;"";"1";"Bare";NA;NA;NA;41;NA;"Seriphidium borotalense";25;7;"34-3-Bare-41";1;0,9434
115;"China";"Xiaobing Zhou";"Muri";34;3;"";"2";"Haloxylon ammodendron";120;80;90;42;NA;"Seriphidium borotalense";25;12;"34-3-Haloxylon ammodendron-42";1;0,9434
115;"China";"Xiaobing Zhou";"Muri";34;3;"";"1";"Bare";NA;NA;NA;42;NA;"Seriphidium borotalense";40;13;"34-3-Bare-42";1;0,9434
115;"China";"Xiaobing Zhou";"Muri";34;3;"";"2";"Haloxylon ammodendron ";70;75;70;43;NA;"Seriphidium borotalense";20;7;"34-3-Haloxylon ammodendron -43";1;0,9434
115;"China";"Xiaobing Zhou";"Muri";34;3;"";"1";"Bare";NA;NA;NA;43;NA;"Seriphidium borotalense";30;17;"34-3-Bare-43";1;0,9434
115;"China";"Xiaobing Zhou";"Muri";34;3;"";"2";"Haloxylon ammodendron";112;70;100;44;NA;"Seriphidium borotalense";35;7;"34-3-Haloxylon ammodendron-44";1;0,9434
115;"China";"Xiaobing Zhou";"Muri";34;3;"";"1";"Bare";NA;NA;NA;44;NA;"Seriphidium borotalense";45;16;"34-3-Bare-44";1;0,9434
115;"China";"Xiaobing Zhou";"Muri";34;3;"";"2";"Haloxylon ammodendron";33;43;21;45;NA;"Seriphidium borotalense";20;9;"34-3-Haloxylon ammodendron-45";1;0,9434
115;"China";"Xiaobing Zhou";"Muri";34;3;"";"1";"Bare";NA;NA;NA;45;NA;"Seriphidium borotalense";15;7;"34-3-Bare-45";1;0,9434
115;"China";"Xiaobing Zhou";"Muri";34;3;"";"1";"Bare";NA;NA;NA;45;NA;"Petrosimonia sibirica";15;24;"34-3-Bare-45";1;0,9434
115;"China";"Xiaobing Zhou";"Muri";34;3;"";"1";"Bare";NA;NA;NA;45;NA;"Anabasis aphylla";5;3;"34-3-Bare-45";1;0,9434
115;"China";"Xiaobing Zhou";"Muri";34;3;"2017.6.6";"2";"Haloxylon ammodendron";49;40;70;46;NA;"Seriphidium borotalense";20;9;"34-3-Haloxylon ammodendron-46";1;0,9434
115;"China";"Xiaobing Zhou";"Muri";34;3;"";"1";"Bare";NA;NA;NA;46;NA;"Seriphidium borotalense";10;3;"34-3-Bare-46";1;0,9434
115;"China";"Xiaobing Zhou";"Muri";34;3;"";"1";"Bare";NA;NA;NA;46;NA;"Anabasis aphylla";5;1;"34-3-Bare-46";1;0,9434
115;"China";"Xiaobing Zhou";"Muri";34;3;"";"2";"Haloxylon ammodendron";100;82;108;47;NA;"Seriphidium borotalense";20;2;"34-3-Haloxylon ammodendron-47";1;0,9434
115;"China";"Xiaobing Zhou";"Muri";34;3;"";"1";"Bare";NA;NA;NA;47;NA;"Seriphidium borotalense";25;3;"34-3-Bare-47";1;0,9434
115;"China";"Xiaobing Zhou";"Muri";34;3;"";"1";"Bare";NA;NA;NA;47;NA;"Stipa glareosa";2;1;"34-3-Bare-47";1;0,9434
115;"China";"Xiaobing Zhou";"Muri";34;3;"";"2";"Haloxylon ammodendron";130;90;130;48;NA;"Seriphidium borotalense";7;3;"34-3-Haloxylon ammodendron-48";1;0,9434
115;"China";"Xiaobing Zhou";"Muri";34;3;"";"1";"Bare";NA;NA;NA;48;NA;"Seriphidium borotalense";25;8;"34-3-Bare-48";1;0,9434
115;"China";"Xiaobing Zhou";"Muri";34;3;"";"2";"Haloxylon ammodendron";30;46;40;49;NA;"Seriphidium borotalense";30;8;"34-3-Haloxylon ammodendron-49";1;0,9434
115;"China";"Xiaobing Zhou";"Muri";34;3;"";"1";"Bare";NA;NA;NA;49;NA;"Seriphidium borotalense";23;7;"34-3-Bare-49";1;0,9434
115;"China";"Xiaobing Zhou";"Muri";34;3;"";"1";"Bare";NA;NA;NA;49;NA;"Anabasis aphylla";6;1;"34-3-Bare-49";1;0,9434
115;"China";"Xiaobing Zhou";"Muri";34;3;"";"2";"Haloxylon ammodendron";37;30;49;50;NA;"Seriphidium borotalense";10;17;"34-3-Haloxylon ammodendron-50";1;0,9434
115;"China";"Xiaobing Zhou";"Muri";34;3;"";"1";"Bare";NA;NA;NA;50;NA;"Seriphidium borotalense";18;6;"34-3-Bare-50";1;0,9434
